id,feature,status,original_design_authority,implementation_files,first_known_implementation,latest_verified_containing_build,test_evidence,owner_approval_evidence,known_defects_or_limits,dependencies,next_required_action
01,Unified Thinking / Bid / Passed indicator,BANKED DESIGN ONLY,L P1.9; owner clarification 2026-10-10 22:07:55 UTC (supplemental continuity search),"game060.js: positionBotThinkingAtSeat, setBotThinking, positionSeatBidBadges, renderUI",Legacy indicators pre-750; new unified implementation not established,750 has separate botThinking and bid-badge DOM presentation,Fresh source inspection; no recovered unified specialist test,Owner authorized unified read-only presentation; no completed unified approval found,Existing statuses work as separate presentations; do not confuse that with completed unified design,Recover any newer specialist source before development,Confirm whether another Work session already implemented it; otherwise retain as banked design
02,Kitty Received blue/walnut redesign and lower placement,OWNER-APPROVED AND VERIFIED,Q original proof; later owner 747 beautification instruction supersedes brown/green; owner acceptance after 749,kitty736.css; game060.js Kitty modal and measured hand-boundary positioning,749,750 source-preserved; last feature test 749,BUILD-749 report: six portrait viewports; real six-card snapshot; Continue→discard→ten cards→trump; frame/10px hand gap; landscape preservation,Visible owner: “I like it. That works.” after 749 delivery,"Acceptance is this overlay design, not blanket approval of every 749/750 feature",Approved existing cards and original ten-card holder,Completed. Preserve; include in combined 750 phone regression review
03,Griffin House of Spades prototype,UNKNOWN / EVIDENCE MISSING,Owner 2026-10-10 23:44:51 UTC: separate isolated offline-first prototype using approved environment,No exact prototype source/archive recovered,Unknown,None established,Workspace/Test tree/targeted Library retrieval did not establish a playable prototype,Plan authorized; no prototype approval found,Search absence does not prove not started; another session may contain it,Separate project evidence and independent rules,Recover actual prototype/status before assigning or rebuilding
04,Seat-aware trump stamp from actual chooser,OWNER-APPROVED AND VERIFIED,Brain R requirement; owner four-seat correction; Build 745→746 physical refinement instruction,"trump714.js: ceremony, geometry; game060.js seatSlotIdForIndex; trump714.css",742 directional integration; 746 physical correction,750; stamp files byte-identical to 746,746 REPORT/REALTIME/lifecycle: 64 chooser×viewer×color combinations; four-seat recordings; 1×/3×/MAX and interruption tests,"Jerome blanket approval through complete750, 2026-10-10 America/New_York; explicit Kitty/discard confirmation. Preserve prior detailed tests; no new assistant physical-phone test claimed.",Restrained 2.5D single-raster view; remote pickup represented offscreen; concurrent recording caused delayed frames; phone performance pending,Actual game.bidder and live seat mapping,Completed current implementation accepted through750. Preserve; do not reopen without Jerome direction. Separate banked rollout/enhancements remain separate.
05,"Trump ticks, embossed indices, additional 3px group gap",OWNER-APPROVED AND VERIFIED,H §11; L P2.12; Q confirms permanent Birds,trump-hand739.js/css; existing hand renderer and sorting,739,750; both marking files byte-identical,"739 report: 216 matrix cases, 32 extra tick cases; colors, 320/360/393 widths, three speeds, hand sizes 10/8/6/4/2/1; order unchanged","Jerome blanket approval through complete750, 2026-10-10 America/New_York; explicit Kitty/discard confirmation. Preserve prior detailed tests; no new assistant physical-phone test claimed.",Birds retain artwork/unmarked appearance; optional special Red One preserved; all intermediate hand sizes not exhaustive,Authoritative trump state; existing sorting,Completed current implementation accepted through750. Preserve; do not reopen without Jerome direction. Separate banked rollout/enhancements remain separate.
06,"Physical Choose Trump case, ink pickup and stamp ceremony",OWNER-APPROVED AND VERIFIED,H §7 / L P2.11; owner approved stamp artwork and 746 refinement assignment,trump714.js/css; assets/trump714/; assets/trump746/table-faint.png,714 case; 746 motion/ink/faint emblem,750; complete 746 stamp module preserved,"746 report: contact at 56% of 1950ms; bottom pad at 12%; four-color cached pigment; reset clears ink; missing-art, visibility, first-card, orientation cleanup","Jerome blanket approval through complete750, 2026-10-10 America/New_York; explicit Kitty/discard confirmation. Preserve prior detailed tests; no new assistant physical-phone test claimed.",Single raster cannot expose unseen reverse surfaces; stamp die and large emblem not physically calibrated 1:1; derived faint table portrait only,Existing trump→play lifecycle; approved asset mask,Completed current implementation accepted through750. Preserve; do not reopen without Jerome direction. Separate banked rollout/enhancements remain separate.
07,Raven Fight animation and six approved transparent assets,OWNER-APPROVED AND VERIFIED,"009(4) completed package; read-me, QA, integration and continuity files; owner final requirements",raven-fight741.js/css; raven-timeline741.js; assets/raven741/,741,750; runtime Raven files and original assets byte-identical,"741 report: 9 layout/speed cases, 12 seat pairs; black faces right, red left at 80%; normal 2750ms, 3×917ms, MAX static138ms, reduced700ms; silent","Jerome blanket approval through complete750, 2026-10-10 America/New_York; explicit Kitty/discard confirmation. Preserve prior detailed tests; no new assistant physical-phone test claimed.",Standalone preview approval is not integrated-game approval,Validated authoritative capture event and actual card rectangles,Completed current implementation accepted through750. Preserve; do not reopen without Jerome direction. Separate banked rollout/enhancements remain separate.
08,Raven replaces capture notice; safe FIFO award deferral; special celebration,OWNER-APPROVED AND VERIFIED,Owner final notification correction and later special celebration instead of Big Trick for this capture,game060.js: hostProcessPlay/detectSpecialCaptures; raven-fight741.js; progression.js,741 replacement/deferral; 748 Big Trick presentation suppression,750; 741 Raven/progression identical; 748 conditional remains,"741 tests: no ordinary/noncapturing trigger; queued award order, cancellation/reset/failure; immediate XP/stat persistence; animation-on/off gameplay results same. 748 tests: generic Big Trick absent only for rook-red2; statistical Big Trick still recorded","Jerome blanket approval through complete750, 2026-10-10 America/New_York; explicit Kitty/discard confirmation. Preserve prior detailed tests; no new assistant physical-phone test claimed.","All notification sources were covered by implementation tests, not a fresh exhaustive audit of every plugin popup","Same authoritative capture boundary, existing presentation queue",Completed current implementation accepted through750. Preserve; do not reopen without Jerome direction. Separate banked rollout/enhancements remain separate.
09,Laid Down redesign and card clipping repair,IMPLEMENTED BUT AWAITING ANDROID REVIEW,Brain R: 010 specialist assignment; later owner Scoreboard-only instruction explicitly leaves Laid Down untouched,game060.js showClaimRemainingHands/fitClaimRemainingCards; laid-down-refinement.css; index.html/sw060.js release integration,011.zip isolated740 specialist; integrated751 from750,751 candidate (not yet owner approved),Integrated27check suite passed on actual751 against750; additional interaction/layout checks and report in751 handoff,Current legacy750accepted. New751LaidDownpresentation requires separate owner review.,Existing Raven medallion reused; exact concept gold Raven asset unavailable; Chromium emulation is not Android approval.,Owner-supplied011.zip; latest accepted750source; preserve Scoreboard/Kitty/discard/landscape,Review751newLaidDownscreen on owner phone. Do not rebuild artwork.
10,Scoreboard redesign and six Nest card clipping repair,OWNER-APPROVED AND VERIFIED,Approved 012 handoff following 011; owner top crowding correction; 747 hide gameplay menu request,style057.css scoped portrait Scoreboard; game060.js scoreboard renderer,743 redesign; 744/745 header spacing; 747 header hide,750 source-preserved; latest targeted tests 747,743:48 layout cases +17 extras; cards object-fit contain 44×63.72 CSS at reference; 745 header48 cases; 747 hides match header in ordinary portrait Scoreboard only,"Jerome blanket approval through complete750, 2026-10-10 America/New_York; explicit Kitty/discard confirmation. Preserve prior detailed tests; no new assistant physical-phone test claimed.","320×540 with 120% text has 49.9px recorded conflict in 743, not shown resolved later; preferred team emblem asset unavailable; no full phone text-scaling qualification",Current approved card PNGs and viewport limits; Laid Down stays excluded,Completed current implementation accepted through750. Preserve; do not reopen without Jerome direction. Separate banked rollout/enhancements remain separate.
11,Bid Box-to-cardholder graphical connector,OWNER-APPROVED AND VERIFIED,Owner approved connected holder/Bid Box direction; O locks 713 integration; historical H no-connector instruction superseded,holder004.js/css; physical connector/rear-holder assets,713/004 lineage,750; module byte-identical to 732,732 owner-accepted baseline; hash preservation; connector follows actual dock surface and rear holder with resize/mutation observers,Visible owner approved connection and later working baseline; O records owner-approved 732,"Fresh audit confirms asset/module retention, not all current viewport interactions",Approved graphical assets; bidding visibility,Completed. Preserve; brief combined phone check rather than new implementation
12,Responsive cardholder at all hand sizes,OWNER-APPROVED AND VERIFIED,"H physical tray / L P1.2; owner original ten-card hand during Kitty, not sixteen",holder004.js/css; game060.js normal hand renderer; approved holder assets,713 holder; 735 ten-card Kitty snapshot correction,750; holder source matches 732; later hand behavior retained,739 tested10/8/6/4/2/1 marking/holder; 749 original ten beneath six Kitty; 750 discard16 separate panel; historical 732 phone baseline,"Jerome blanket approval through complete750, 2026-10-10 America/New_York; explicit Kitty/discard confirmation. Preserve prior detailed tests; no new assistant physical-phone test claimed.",No exhaustive current phone verification of every hand size1–10/orientation/font scale; requirement to show16 in normal holder superseded,Correct hand state and approved fixed card geometry,Completed current implementation accepted through750. Preserve; do not reopen without Jerome direction. Separate banked rollout/enhancements remain separate.
13,Dealer-origin dealing animation,OWNER-APPROVED AND VERIFIED,"Owner 746 dealer-origin assignment, no dealer-rule changes",game060.js deal animation and seatSlotIdForIndex,747,750 contains 747 implementation,747:80 seat/viewer/recipient combinations; four full deal recordings; state ownership/order unchanged; speeds/cleanup tests,"Jerome blanket approval through complete750, 2026-10-10 America/New_York; explicit Kitty/discard confirmation. Preserve prior detailed tests; no new assistant physical-phone test claimed.",Recorded slow review timing350ms versus production97ms; not native Android smoothness evidence,hostStartGame random dealer; rotateDealerRight; live seat map,Completed current implementation accepted through750. Preserve; do not reopen without Jerome direction. Separate banked rollout/enhancements remain separate.
14,"Four-seat deal, Nest delivery, reveal and landing",OWNER-APPROVED AND VERIFIED,H ROOK037; L P1.4/P3.15; 747 extends actual dealer origin without changing destinations,"game060.js: deal lifecycle, flipDealtNest036, applyNestScatter037, restoreNestPlacement039, scheduleTopNestFlip",ROOK037 existing sequence; dealer extension747,750 inspected actual functions; latest relevant tests747,747 full46 cards: ten per player plus six Kitty; existing recipient order/Nest destination; speed/cancellation tests; earlier ROOK037 context,"Jerome blanket approval through complete750, 2026-10-10 America/New_York; explicit Kitty/discard confirmation. Preserve prior detailed tests; no new assistant physical-phone test claimed.",Broader reveal options and end-of-trick remaining-card landing not exhaustively retested in audit,Existing openWidow/reveal options and authoritative ownership,Completed current implementation accepted through750. Preserve; do not reopen without Jerome direction. Separate banked rollout/enhancements remain separate.
15,House Effects menu usability and sound previews,OWNER-APPROVED AND VERIFIED,L P1.5; owner approved 738 effects distinct from menu approval,game060.js House Effects settings/preview bindings; house736.js/css,736-era menu and existing controls; exact first menu build unknown,750 source inspected,"Existing UI and preview handlers present; reports focus on effects, not exhaustive menu click/overflow evidence","Jerome blanket approval through complete750, 2026-10-10 America/New_York; explicit Kitty/discard confirmation. Preserve prior detailed tests; no new assistant physical-phone test claimed.",Historical overlay/Done/preview complaints cannot be marked all resolved from source presence,"Audio unlock, actual Android viewport",Completed current implementation accepted through750. Preserve; do not reopen without Jerome direction. Separate banked rollout/enhancements remain separate.
16,"Sound effects, variation, volume and synchronization",OWNER-APPROVED AND VERIFIED,H/J/L audio authorities; owner smooth fixed bid/discard sounds and approved shuffle,game060.js playCardMotionSound059/playCardSound; bid/discard sounds; shuffle732.js; audio assets,059 peel/flight already coded; 732 approved shuffle; 735/736 fixed taps,750 source/assets retained,Source confirms layered paper/flight/landing; fixed up/down/pick/deselect samples; shuffle historical previews; exact current full phone auditory qualification unavailable,"Jerome blanket approval through complete750, 2026-10-10 America/New_York; explicit Kitty/discard confirmation. Preserve prior detailed tests; no new assistant physical-phone test claimed.",Subjective audio quality and full landing sync not established by source; approved shuffle timing must not be rebuilt,Existing approved sounds/provenance and Android audio playback,Completed current implementation accepted through750. Preserve; do not reopen without Jerome direction. Separate banked rollout/enhancements remain separate.
17,Portrait bidding freeze and responsive Bid Box/navigation lock,OWNER-APPROVED AND VERIFIED,Owner Build735 P0 report plus nav protection; 737 smallest safe repair,bid-repair737.js/css; approved-bid-portrait.js/css; game060.js showBidUI/submitBid/hostProcessBid,737,750; adapter/repair byte-identical to737,"737:negative-score high-bid reproduction;8 hands across1×/3×/MAX, human bids13/26/26 card plays, orientation; controls retained until authoritative turn ends","Jerome blanket approval through complete750, 2026-10-10 America/New_York; explicit Kitty/discard confirmation. Preserve prior detailed tests; no new assistant physical-phone test claimed.",Original root cause200 next-min versus195 cap and unconditional hiding on rejected submit; remote-host ACK path not full real-network qualified,Single authoritative bidding state; no auto-bid/rules bypass,Completed current implementation accepted through750. Preserve; do not reopen without Jerome direction. Separate banked rollout/enhancements remain separate.
18,Kitty Received and Select6 to Discard interaction/screens,OWNER-APPROVED AND VERIFIED,Q proof; owner original ten-holder clarification; latest owner rejects brown/green discard after749,game060.js Kitty snapshot/discard click handling; kitty736.css,734 integration;735 ten-holder;740 touch;750 blue discard,750; fresh source and carried750 test report,"740:1152 rapid/repeated toggles over18 combinations, drag cancellation/keyboard;750:8 portrait cases, all16 individually toggle, cap6, exactly chosen Nest6 and remainder10; unchanged real faces; short-wrap spacing fix","Jerome blanket approval through complete750, 2026-10-10 America/New_York; explicit Kitty/discard confirmation. Preserve prior detailed tests; no new assistant physical-phone test claimed.",740 removes pointerup+450ms suppression;750 fixes known short-height Confirm overflow; actual Android tap/render performance still pending,Real sixteen-card discard state and host validation,Completed current implementation accepted through750. Preserve; do not reopen without Jerome direction. Separate banked rollout/enhancements remain separate.
19,Dim fireplace and natural stationary-body lantern,OWNER-APPROVED AND VERIFIED,Owner738 acceptance recorded R/S; previous736 visual refinement,house738.css; house736.js/css; unchanged lantern/fireplace art,738,750; effect modules and assets identical,"738 measurements:21.73% mean-luma reduction, fire motion RMS1.53×, wick2.55×, lantern mean+.0049%; two8-second comparison videos; reduced motion",Published R/S owner-approved738 Android effects,738 standalone branch lacked737 bid fix;739 recombined both and750 preserves both,Existing approved room assets,Completed and owner approved. Preserve
20,Approved shuffle46-card riffle/bridge/wash with audio,OWNER-APPROVED AND VERIFIED,Owner final preview acceptance; O owner-approved732,shuffle732.js/css; audio/card-back assets; HANDOFF/731_Approved_Shuffle_Preview.mp4,732 runtime integration,750 retains approved shuffle,Historical732 verification and preview; no new soundtrack generation,Visible owner: “That works for me. Do you know what’s next?”; O records732 accepted,Later higher build approval not inferred from shuffle acceptance,Existing speed/reduced-motion system,Completed. Do not reopen timing/sound design without new request
21,XP/House Levels local career framework,OWNER-APPROVED AND VERIFIED,H§13; L P3.18; current local-career implementation and legacy baseline,progression.js; game060.js career badges/profile/activation/syncFromLifetime,Source labels450/454; exact first shipped archive unknown,750 source inspected;741 queue/storage tests preserved,"Local mode,50levels, achievements, retained-stat migration synchronization, badge UI; 741 immediate storage/deferral tests","Jerome blanket approval through complete750, 2026-10-10 America/New_York; explicit Kitty/discard confirmation. Preserve prior detailed tests; no new assistant physical-phone test claimed.",Base switch off unless local mode; local stat-derived framework ≠ everyone-enabled experience/time design; no full migration qualification,Retained player stats and chosen activation model,Completed current implementation accepted through750. Preserve; do not reopen without Jerome direction. Separate banked rollout/enhancements remain separate.
22,Universal XP rollout and one-time historical credit,BANKED DESIGN ONLY,H§13 / L P3.18,Existing progression.js syncFromLifetime is reusable partial implementation,Partial legacy local framework,750 partial; full universal rollout not established,No universal migration/award acceptance evidence,No approval to activate for everyone found,Do not call all XP not started; do not call local mode universal rollout completed,Owner rollout decision; migration backup/idempotence verification,Deferred rollout; preserve existing framework
23,Earned premium avatar frames,BANKED DESIGN ONLY,H§13 progression brass→engraving→laurel/milestones,"rook510-avatars.js and current portrait frame assets are existing baseline, not verified full earned-frame ladder",Exact milestone implementation unknown,750 baseline portraits only established,No milestone-frame acceptance/matrix found,Physical earned-frame direction banked,Final progression/frame artwork qualification absent,House level rollout; approved physical assets,Deferred; recover any specialist results before designing
24,New-player onboarding: Play First→Discover Later,OWNER-APPROVED AND VERIFIED,H§14/L P3.17; protected production531 room-state fix,index.html; game060.js; polish.js tutorial/house tour; rook512-room.js,Legacy531 and later onboarding layers,750 source; production531 separate,Production commit/read confirms531; multiplayer room test record; no current newcomer phone walkthrough,"Jerome blanket approval through complete750, 2026-10-10 America/New_York; explicit Kitty/discard confirmation. Preserve prior detailed tests; no new assistant physical-phone test claimed.",Tour/training code exists; cannot infer unwanted training always forced from function presence,Fresh-profile walkthrough without clearing owner data,Completed current implementation accepted through750. Preserve; do not reopen without Jerome direction. Separate banked rollout/enhancements remain separate.
25,Experience More / My House / House Rooms organization,BANKED DESIGN ONLY,H§14 / L P3.19,Current rook513.js/polish.js/settings provide components; full named architecture not established,Partial legacy components; new complete flow unknown,750 partial components,No complete approved House Rooms flow proof recovered,Banked direction only,Existing settings/profile UI should be reused; no proof new complete navigation implemented,Onboarding/XP decisions and existing menu inventory,Deferred architecture; recover any approved standalone design first
26,Shoot the Moon gameplay/button and approved graphic,OWNER-APPROVED AND VERIFIED,H§12/L P3.20: crescent+small4-point star; rules protected,game060.js isShootMoonBid/confirmation; assets/images/shoot-the-moon-approved.jpg; bots.js,Legacy feature; exact first approved-art build unknown,750 source/assets present,Source trigger intact; bid edge tests and archived bot simulation; no full latest Moon phone review,"Jerome blanket approval through complete750, 2026-10-10 America/New_York; explicit Kitty/discard confirmation. Preserve prior detailed tests; no new assistant physical-phone test claimed.",Historical149 invalid bot attempts; current bots.js Moon fallback remains cap−20 without rechecking highest bid,Existing bidding ceiling/host validation; no rule changes authorized,Completed current implementation accepted through750. Preserve; do not reopen without Jerome direction. Separate banked rollout/enhancements remain separate.
27,Seven named loading-animation rotation,BANKED DESIGN ONLY,H§27/L P3.21 exact seven names,Existing loading/spinner paths do not establish seven approved variants,Unknown for full rotation,No complete seven-animation source/assets evidence,No accepted seven-variant matrix recovered,Names/direction banked,A working spinner is not proof full rotation exists,Recover assets/specialist work,Deferred; inventory exact variants before new work
28,"Achievements, award queue, and special celebrations",OWNER-APPROVED AND VERIFIED,H/L results/achievement bank; owner Raven highest-priority presentation,progression.js; game060.js awards; Raven deferral and748special Big Trick presentation,Legacy framework;741/748 refinements,750 source retained,"741 FIFO, immediate XP/stats, cancellation/error tests;748Big Trick suppression with counts unchanged","Jerome blanket approval through complete750, 2026-10-10 America/New_York; explicit Kitty/discard confirmation. Preserve prior detailed tests; no new assistant physical-phone test claimed.",Full eligibility/migration/remote announcements not independently requalified in this audit,XP/stat storage and authoritative event boundaries,Completed current implementation accepted through750. Preserve; do not reopen without Jerome direction. Separate banked rollout/enhancements remain separate.
29,Results actual names / two biggest tricks / icon opacity / no Message Table,UNKNOWN / EVIDENCE MISSING,H§27 / L P3.22,game060.js results and Scoreboard; progression.js,Legacy implementation; exact design compliance unknown,750 results source exists; Scoreboard743/747 tests narrower,Current scoreboard verifies Griffin/Raven labels and six Nest cards; no complete results design acceptance evidence,No recent complete results approval found,Do not equate scoreboard repair with all win/results/Biggest Tricks requirements,Exact banked final-results pixels,Focused read-only results comparison before assigning repairs
30,Seated full-body characters with rail occlusion,BANKED DESIGN ONLY,H/K construction authority; L P4.26; final identities/art not approved,Approved reference; current runtime circular portraits intentionally remain,Construction proof only; full seated-character runtime not established,750 maintains existing portraits,Reference and permanent construction rules recovered; no final identity approval,Construction direction approved; character identity NOT approved,Circular portraits are not a lost accepted full-body integration,Finish current game/review gates; final art approval,Deferred. No artwork generation
31,Multiplayer host/join/reconnect reliability,OWNER-APPROVED AND VERIFIED,H/L Play With Friends/531 room-state authority,game060.js PeerJS host/join guards/timeouts/recovery; vendor/peerjs,Legacy plus October7 join guard repair; exact numbered build uncertain,750 source/test record,PLAY_WITH_FRIENDS_TEST_REPORT:213 deterministic fake-Peer scenarios; repeated join guard/status/cancel/reconnect tests,"Jerome blanket approval through complete750, 2026-10-10 America/New_York; explicit Kitty/discard confirmation. Preserve prior detailed tests; no new assistant physical-phone test claimed.",STUN only; no established TURN; NAT/reconnect/remote host actual phones unverified,Two devices/networks; authoritative host ACK,Completed current implementation accepted through750. Preserve; do not reopen without Jerome direction. Separate banked rollout/enhancements remain separate.
32,Mapper existing helpers and future snap/export precision,OWNER-APPROVED AND VERIFIED,H§27/L P3.23; preserved historical export/import authority,game060.js SolVisualStudio; layout/mapping helpers,Legacy mapper; first shipped helper build unknown,750 LOCK ALL/UNLOCK ALL/UNHIDE ALL/export/import source,"Fresh source inspection only, no comprehensive new UI/export geometry qualification","Jerome blanket approval through complete750, 2026-10-10 America/New_York; explicit Kitty/discard confirmation. Preserve prior detailed tests; no new assistant physical-phone test claimed.",Some future helpers already coded; full snap-line/export round-trip correctness unknown,Actual approved geometry and storage/export evidence,Completed current implementation accepted through750. Preserve; do not reopen without Jerome direction. Separate banked rollout/enhancements remain separate.
33,Frozen landscape baseline,OWNER-APPROVED AND VERIFIED,H/L permanent frozen-landscape protection; owner landscape recovery proves controls existed,Existing landscape style057.css/game060.js; scoped portrait adapters,Legacy working baseline,750 preserved by scoped feature reports,743/746/749/750 preservation and interruption records; no full new landscape qualification,Owner working landscape baseline; no authorization to redesign,Preservation ≠ fresh all-feature landscape Android approval,Approved baseline,Completed protected baseline. Preserve; separate review only if authorized
34,Future Unity port / historical Step01 and Step02 experiments,UNKNOWN / EVIDENCE MISSING,H§27/L P3.25 deferred until HTML maturity; historical continuity search Sep21,Exact Unity Step01.zip/Step02.zip unavailable,"Historical owner mentions12 and37 passed tests, respectively",No current verified Unity workspace/package,Supplemental historical statements only; no exact binaries/source independently recovered,No mature port approval,Do not label port not started: experiments reportedly exist; no complete working port established,Recover historical packages; mature HTML baseline,"Deferred; recover evidence, no Unity work now"
35,LAST / Last Trick placement,OWNER-APPROVED AND VERIFIED,H ROOK037 newest authority; N ROOK025; supersedes H§10 center-tap/Last3 concept,game060.js LAST controls/compact seat-oriented preview; style057.css,ROOK025 lineage,750 source-preserved protected header,Historical owner-accepted placement; feature preservation reports,N records owner-accepted ROOK025 placement,No new popup redesign authorized; old center-tap roadmap is superseded,Approved header,Completed. Preserve
36,TABLE-003 and approved numbered/Bird deck/back assets,OWNER-APPROVED AND VERIFIED,H table and deck pixel locks; actual corrected card assets trump generated proof limitations,assets approved table/card images; existing renderer; derived faint emblem746 separate,TABLE-003 and locked deck precede current builds,750; all baseline original assets737–749 retained byte-identical,Asset hash comparison276–283 per baseline; actual PNG proportions and approved source references; no asset missing,H and owner repeatedly locked table/cards; Q older GREEN5/YELLOW6 proof substitutions not gameplay authority,Derived faint emblem explicitly authorized746; no original table asset replaced,Permanent pixel locks,Completed. No regenerated cards or table
37,Favorite offline bot partner,OWNER-APPROVED AND VERIFIED,BANKED_PARTNER_MATCHING.md and owner request; suggestions deferred,game060.js favorite partner setup and retained name-scoped preference,Pre-750; exact first numbered implementation not established,750,"Archived25,280 bot attempts;25,131 completed;1,005,240 legal plays;149 invalid Moon attempts banked separately","Jerome blanket approval through complete750, 2026-10-10 America/New_York; explicit Kitty/discard confirmation. Preserve prior detailed tests; no new assistant physical-phone test claimed.",Do not mistake existing preference for future AI recommendation feature,Existing offline player selection,Completed current implementation accepted through750. Preserve; do not reopen without Jerome direction. Separate banked rollout/enhancements remain separate.
38,AI partner recommendations,BANKED DESIGN ONLY,BANKED_PARTNER_MATCHING.md future recommendation/suggestion direction,No complete recommendation implementation established,None established,Not established,None recovered,Banked future item only,Independent of working favorite-partner storage,Player preference/relationship system,Deferred
39,Old brown/green Kitty and discard presentation; 16-card normal holder,REJECTED OR SUPERSEDED,Earlier Q proof and734 presentation superseded by explicit later owner directions,Historical archives preserved; latest kitty736.css blue screens and original-ten snapshot,734; later superseded735/749/750,750 uses new Kitty749 and discard750,Before/after rendered comparisons;750 functional tests,Owner approved blue Kitty749; requested similarly nicer discard; original ten-holder explicitly directed,Blue discard750 still requires approval; do not roll back to old visuals merely to match Q,Latest owner pixel authority,Keep rejected history; use latest accepted/pending scoped design
40,Legacy peel/flight card audio marked unfinished in Brain J/L,REJECTED OR SUPERSEDED,J/L historical missing-audio entry superseded by actual059 code lineage,game060.js:2101 playCardMotionSound059 and2107 playCardSound,059 source identifier; exact first playable ZIP not independently established,750,Source contains paper start and soft-peel/flight plus recorded landing scheduling,Current owner likes card sounds; exact every-layer Android sync pending,Source presence resolves not-coded claim; does not prove best listening quality,Approved sounds,Remove from new-implementation backlog; retain auditory review only
